{
    "area_name": [
        25,
        "Cd",
        "cwm",
        "8B",
        "6DR(F7)"
    ],
    "dist_division": [
        0.0,
        1.4409999999999998,
        10.241,
        14.041,
        16.641000000000002,
        20.841
    ],
    "intervals": [
        [
            0,
            60
        ],
        [
            61,
            426
        ],
        [
            427,
            585
        ],
        [
            586,
            693
        ],
        [
            694,
            1023
        ]
    ],
    "yield": [
        27,
        190,
        212,
        55,
        30
    ],
    "efficiency": [
        0.54,
        0.6810035842293907,
        2.0784313725490198,
        0.7333333333333333,
        0.13452914798206278
    ],
    "spread": [
        [
            1,
            3,
            2,
            5,
            5,
            2,
            2,
            1,
            3,
            4,
            1,
            2,
            2,
            1,
            3,
            2,
            2,
            1,
            1,
            1,
            1,
            3,
            1,
            3,
            1,
            1,
            1
        ],
        [
            1,
            2,
            2,
            1,
            1,
            1,
            2,
            1,
            1,
            2,
            3,
            2,
            2,
            1,
            2,
            1,
            1,
            1,
            1,
            1,
            2,
            2,
            2,
            2,
            1,
            3,
            1,
            1,
            3,
            1,
            1,
            1,
            1,
            3,
            5,
            2,
            4,
            4,
            2,
            1,
            2,
            2,
            6,
            1,
            5,
            1,
            1,
            3,
            4,
            1,
            1,
            1,
            1,
            3,
            2,
            3,
            4,
            5,
            1,
            2,
            2,
            1,
            2,
            1,
            2,
            1,
            2,
            1,
            1,
            2,
            3,
            1,
            1,
            2,
            1,
            1,
            5,
            1,
            2,
            1,
            1,
            1,
            1,
            2,
            1,
            3,
            3,
            3,
            1,
            2,
            3,
            1,
            1,
            2,
            1,
            2,
            1,
            1,
            3,
            1,
            1,
            4,
            2,
            1,
            1,
            2,
            1,
            1,
            1,
            1,
            4,
            2,
            4,
            1,
            1,
            1,
            1,
            1,
            1,
            2,
            1,
            3,
            1,
            1,
            2,
            2,
            1,
            1,
            1,
            1,
            1,
            1,
            4,
            1,
            1,
            3,
            3,
            1,
            1,
            2,
            1,
            1,
            1,
            1,
            2,
            1,
            1,
            1,
            1,
            1,
            3,
            1,
            1,
            6,
            1,
            2,
            2,
            1,
            3,
            1,
            1,
            1,
            6,
            2,
            3,
            1,
            1,
            1,
            1,
            2,
            4,
            5,
            1,
            1,
            1,
            1,
            3,
            1,
            6,
            1,
            3,
            3,
            4,
            1,
            2,
            2,
            1,
            1,
            1,
            1
        ],
        [
            1,
            2,
            2,
            3,
            2,
            2,
            1,
            1,
            2,
            4,
            2,
            6,
            2,
            2,
            1,
            1,
            1,
            4,
            1,
            2,
            1,
            1,
            1,
            1,
            2,
            2,
            2,
            1,
            2,
            1,
            1,
            1,
            1,
            3,
            1,
            1,
            1,
            4,
            1,
            1,
            1,
            1,
            2,
            4,
            1,
            1,
            2,
            3,
            3,
            1,
            3,
            1,
            1,
            2,
            1,
            3,
            2,
            1,
            1,
            2,
            1,
            4,
            1,
            1,
            2,
            1,
            1,
            1,
            1,
            1,
            2,
            1,
            4,
            1,
            1,
            1,
            2,
            1,
            1,
            2,
            1,
            1,
            1,
            1,
            1,
            1,
            1,
            2,
            1,
            1,
            2,
            1,
            1,
            1,
            1,
            1,
            1,
            2,
            1,
            2,
            1,
            1,
            1,
            1,
            1,
            2,
            1,
            1,
            1,
            2,
            1,
            3,
            1,
            1,
            1,
            2,
            3,
            1,
            3,
            2,
            2,
            1,
            3,
            1,
            3,
            2,
            2,
            1,
            1,
            1,
            1,
            1,
            1,
            1,
            2,
            1,
            2,
            1,
            1,
            1,
            2,
            1,
            2,
            2,
            1,
            2,
            2,
            1,
            2,
            1,
            1,
            1,
            1,
            1,
            1,
            2,
            1,
            1,
            1,
            2,
            1,
            1,
            3,
            1,
            1,
            1,
            1,
            1,
            4,
            1,
            1,
            3,
            1,
            1,
            1,
            1,
            2,
            1,
            1,
            2,
            1,
            2,
            1,
            1,
            2,
            2,
            1,
            1,
            1,
            1,
            3,
            1,
            2,
            1,
            1,
            3,
            2,
            1,
            2,
            1,
            1,
            1,
            1,
            1,
            2,
            1,
            1,
            2,
            2,
            2,
            1,
            2
        ],
        [
            1,
            1,
            1,
            1,
            2,
            1,
            1,
            2,
            1,
            3,
            1,
            1,
            1,
            2,
            1,
            1,
            1,
            1,
            1,
            1,
            1,
            1,
            1,
            2,
            1,
            1,
            2,
            2,
            6,
            2,
            1,
            1,
            1,
            1,
            1,
            1,
            1,
            2,
            2,
            1,
            1,
            1,
            1,
            2,
            2,
            2,
