{"cluster_id":{"0":645,"1":647,"2":653,"3":662,"4":667,"5":675,"6":680,"7":1114,"8":1134,"9":1139,"10":1142,"11":1145,"12":1150,"13":1153,"14":1563,"15":1570,"16":1572,"17":1573,"18":1679,"19":1680,"20":2132,"21":2133,"22":2759,"23":2760,"24":2764,"25":2765,"26":2772,"27":2774,"28":2775,"29":2776,"30":2787,"31":2832,"32":2834,"33":2838,"34":2839,"35":2841,"36":2844,"37":2847,"38":2853,"39":2854,"40":2862,"41":2864,"42":2866,"43":2871,"44":2872,"45":2874,"46":2876,"47":2879,"48":2881,"49":2882,"50":2884,"51":2896,"52":2897,"53":2900,"54":2902,"55":2903,"56":2904,"57":2906,"58":2948,"59":2961,"60":2962,"61":2965,"62":2970,"63":2982,"64":2983,"65":2990},"channel":{"0":898,"1":902,"2":902,"3":916,"4":918,"5":924,"6":926,"7":896,"8":913,"9":915,"10":917,"11":918,"12":929,"13":931,"14":907,"15":915,"16":919,"17":921,"18":897,"19":913,"20":901,"21":901,"22":929,"23":933,"24":926,"25":931,"26":922,"27":916,"28":903,"29":903,"30":905,"31":896,"32":896,"33":898,"34":896,"35":898,"36":902,"37":906,"38":907,"39":907,"40":907,"41":911,"42":912,"43":914,"44":914,"45":918,"46":910,"47":916,"48":928,"49":930,"50":930,"51":905,"52":907,"53":913,"54":916,"55":917,"56":917,"57":924,"58":907,"59":907,"60":905,"61":905,"62":905,"63":911,"64":909,"65":896},"spike_times":{"0":[374.6579666667,375.6187,376.8921],"1":[376.8327666667,376.8412666667,378.0263,378.0283333333,378.0614,378.0635,378.0687666667],"2":[],"3":[374.6556,374.6627333333,375.5575,376.8244666667,376.8300333333,378.0745,379.1965,379.2954,379.3032666667],"4":[374.6587,375.6351333333,376.8807,376.8845333333,378.0465],"5":[375.6424333333,376.8836666667,376.8873,379.2067],"6":[376.8214666667,376.8935,378.0663,378.0857333333,379.1865333333],"7":[374.6440333333],"8":[375.6356,378.0589333333],"9":[378.051],"10":[375.6432666667,376.8224666667],"11":[375.6567666667,376.8354333333],"12":[376.8552333333,376.8894666667,376.8905333333,376.904,378.0729666667,379.2143],"13":[],"14":[374.6077666667,375.5354666667,375.5472333333,375.6478666667,376.8152666667,376.8214666667,376.8228666667,378.0591333333,379.2075],"15":[],"16":[375.6408,375.6444,379.2074,379.2097],"17":[374.6548333333,378.0630666667,379.2086666667],"18":[375.5646666667,375.582,378.9922333333,379.0214333333],"19":[],"20":[378.0695333333],"21":[],"22":[375.6543,376.9165666667,376.9243,378.0752333333],"23":[375.6337666667,376.8464,376.8563666667,376.8894333333,378.0244333333,378.0471333333,378.0647333333,378.0742,378.0831666667,379.2102333333,379.2146666667],"24":[375.6311,375.6343,376.8799666667,376.8945666667,378.0501666667,378.0686,378.0775],"25":[376.8584666667,379.2309],"26":[379.2179],"27":[375.6335333333,378.0671333333],"28":[378.0962666667],"29":[376.8854666667],"30":[],"31":[376.7732333333,376.8049333333],"32":[375.6355333333,376.8249,376.8858333333,378.0746],"33":[374.6605333333,375.6388,376.8243,376.8463666667,376.8844],"34":[375.5599,375.6066,375.6295,376.8162666667,376.8243,378.0183333333],"35":[376.8827666667,376.8912666667,376.8938666667,378.0574,379.2017666667,379.2083,379.2296333333],"36":[375.5652333333,375.6304,376.8190333333,378.0601333333,378.0820666667,378.0971333333,379.1989666667,379.2450666667,379.2631333333],"37":[374.6545333333,375.6362,375.6438333333,376.8363,376.8744,379.2163333333],"38":[],"39":[],"40":[374.6264666667,375.6313,376.8124666667],"41":[379.2003333333],"42":[374.6074666667],"43":[376.8783666667,376.8939333333,379.2018333333,379.2083333333,379.2296666667],"44":[374.6498666667,374.6533333333,376.8856,378.0691],"45":[374.6755,376.8271,376.8914333333],"46":[374.6439333333,376.8091,376.8855333333,379.1978333333,379.2209666667],"47":[374.6606333333,375.5237333333,375.5723,375.6461666667,378.0605333333,378.2611,379.1673,379.1864333333,379.2069333333,379.2205],"48":[375.62,375.6230333333,376.8542333333,376.8694,376.8761,378.0405333333,378.0536],"49":[375.6602333333,375.6741333333,376.8376666667,376.8489333333,379.2416],"50":[375.6398,375.6424333333,375.6519,376.8625333333,376.9222333333,378.0636666667],"51":[],"52":[375.5166,375.6301666667,376.7977666667,378.0322,379.1695333333],"53":[375.5377333333,375.5427666667,378.0167],"54":[378.0585666667,378.0642,378.1000333333,379.3094666667],"55":[],"56":[376.8948333333,378.046],"57":[374.6483,375.5322666667,375.5361333333,375.5466333333,375.6193666667,375.6264,375.6391666667,375.6435666667,375.6670666667,376.8855,376.9139,376.9222666667,379.1746333333,379.2152333333,379.2190666667,379.308],"58":[375.6459,378.041],"59":[376.8843333333],"60":[],"61":[374.6060333333,374.6635333333,375.5242333333,375.6357,375.6472666667,376.8926666667,378.0128333333],"62":[375.5227333333,376.8239333333],"63":[375.5444,375.6162666667,375.6427,375.6521666667,376.9023333333,378.0766,379.1581333333],"64":[374.6452333333,374.6502666667,376.7909666667,376.7944666667,376.8002666667,376.8078666667,376.8104333333,376.8221333333,376.8246333333,378.0269666667],"65":[]}}